{
  "RMSE": 2.409520488034823,
  "MAE": 2.0560224089635852,
  "HitRate@5": 0.0163265306122449,
  "NDCG@5": 0.058394961554016044,
  "MRR@5": 0.05102040816326531,
  "HitRate@10": 0.056859410430839,
  "NDCG@10": 0.11533846461343801,
  "MRR@10": 0.07673307418205377,
  "HitRate@20": 0.050629925629925625,
  "NDCG@20": 0.11533846461343801,
  "MRR@20": 0.07673307418205377,
  "CatalogCoverage": 0.007102272727272727,
  "AvgDiversity": 1.0
}