{
  "RMSE": 2.426903631845027,
  "MAE": 2.01359485897988,
  "HitRate@5": 0.061224489795918366,
  "NDCG@5": 0.17316918522108726,
  "MRR@5": 0.14659863945578233,
  "HitRate@10": 0.05,
  "NDCG@10": 0.21168291899386907,
  "MRR@10": 0.16116780045351473,
  "HitRate@20": 0.03587691486851151,
  "NDCG@20": 0.21168291899386907,
  "MRR@20": 0.16116780045351473,
  "CatalogCoverage": 0.019176136363636364,
  "AvgDiversity": 0.976
}